# This .gitignore file should be placed at the root of your Unity project directory
#
# Get latest from https://github.com/github/gitignore/blob/master/Unity.gitignore
#
/[Ll]ibrary/
/[Tt]emp/
/[Oo]bj/
/[Bb]uild/
/[Bb]uilds/
/[Ll]ogs/
/[Uu]ser[Ss]ettings/

# MemoryCaptures can get excessive in size.
# They also could contain extremely sensitive data
/[Mm]emoryCaptures/

# Asset meta data should only be ignored when the corresponding asset is also ignored
!/[Aa]ssets/**/*.meta

# Uncomment this line if you wish to ignore the asset store tools plugin
# /[Aa]ssets/AssetStoreTools*

# Autogenerated Jetbrains Rider plugin
/[Aa]ssets/Plugins/Editor/JetBrains*

# Visual Studio cache directory
.vs/
.vscode/
.idea/
.vsconfig

# Gradle cache directory
.gradle/

# Autogenerated VS/MD/Consulo solution and project files
ExportedObj/
.consulo/
*.csproj
*.unityproj
*.sln
*.suo
*.tmp
*.user
*.userprefs
*.pidb
*.booproj
*.svd
*.pdb
*.mdb
*.opendb
*.VC.db

# Unity3D generated meta files
*.pidb.meta
*.pdb.meta
*.mdb.meta

# Unity3D generated file on crash reports
sysinfo.txt

# Builds
*.apk
*.aab
*.unitypackage

# Crashlytics generated file
crashlytics-build.properties

# Packed Addressables
/[Aa]ssets/[Aa]ddressable[Aa]ssets[Dd]ata/*/*.bin*

# Temporary auto-generated Android Assets
/[Aa]ssets/[Ss]treamingAssets/aa.meta
/[Aa]ssets/[Ss]treamingAssets/aa/*

###### FMOD Unity Integration ######

# Never ignore DLLs in the FMOD subfolder.
!/[Aa]ssets/Plugins/FMOD/**/lib/*

# Don't ignore images and gizmos used by FMOD in the Unity Editor.
!/[Aa]ssets/Gizmos/FMOD/*
!/[Aa]ssets/Editor Default Resources/FMOD/*
                    
# Ignore the Cache folder since it is updated locally.
/[Aa]ssets/Plugins/FMOD/Cache/*
                    
# Ignore bank files in the StreamingAssets folder.
/[Aa]ssets/StreamingAssets/**/*.bank
/[Aa]ssets/StreamingAssets/**/*.bank.meta
                    
# If the source bank files are kept outside of the StreamingAssets folder then these can be ignored.
# Log files can be ignored.
fmod_editor.log

###### FMOD Unity Integration ######

/FMOD/.cache/
/FMOD/.unsaved/
/FMOD/.user/
Assets/Graphics/Monsters/Emplorfa/Emplorfa Animations/Emplorfa Animations_Attack.anim
Assets/Graphics/Monsters/Emplorfa/Emplorfa Animations/Emplorfa Animations_Death.anim
Assets/Graphics/Monsters/Emplorfa/Emplorfa Animations/Emplorfa Animations_Idle.anim
Assets/Graphics/Monsters/Emplorfa/Emplorfa Animations/Emplorfa Animations_Transition.anim
Assets/Graphics/Monsters/Emplorfa/Emplorfa Animations/Emplorfa Animations_Walk.anim
Assets/Graphics/Monsters/Piranka/PirankaAnimations/PirankaAnimations.controller
Assets/Graphics/Monsters/Piranka/PirankaAnimations/PirankaAnimations.png.meta
Assets/Graphics/Monsters/Piranka/PirankaAnimations/PirankaAnimations_Attack.anim
Assets/Graphics/Monsters/Piranka/PirankaAnimations/PirankaAnimations_Death.anim
Assets/Graphics/Monsters/Piranka/PirankaAnimations/PirankaAnimations_Idle.anim
Assets/Graphics/Monsters/Piranka/PirankaAnimations/PirankaAnimations_Walk.anim
Assets/Graphics/Monsters/Shrem/ShremAnimations/ShremAnimations.controller
Assets/Graphics/Monsters/Shrem/ShremAnimations/ShremAnimations.png.meta
Assets/Graphics/Monsters/Shrem/ShremAnimations/ShremAnimations_Attack.anim
Assets/Graphics/Monsters/Shrem/ShremAnimations/ShremAnimations_idle.anim
Assets/Graphics/Monsters/Shrem/ShremAnimations/ShremAnimations_Move.anim
Assets/Graphics/Monsters/Wild Artichokie/Original_Artichokie_1/Original_Artichokie_1.controller
Assets/Graphics/Monsters/Wild Artichokie/Original_Artichokie_1/Original_Artichokie_1.png.meta
Assets/Graphics/Monsters/Wild Artichokie/Original_Artichokie_1/Original_Artichokie_1_Attack.anim
Assets/Graphics/Monsters/Wild Artichokie/Original_Artichokie_1/Original_Artichokie_1_Death.anim
Assets/Graphics/Monsters/Wild Artichokie/Original_Artichokie_1/Original_Artichokie_1_idle.anim
Assets/Graphics/Monsters/Wild Artichokie/Original_Artichokie_1/Original_Artichokie_1_walk.anim
ProjectSettings/PackageManagerSettings.asset
Assets/Graphics/Monsters/Emplorfa/Emplorfa Animations/Emplorfa Animations_Attack.anim
Assets/Graphics/Monsters/Emplorfa/Emplorfa Animations/Emplorfa Animations.png.meta
Assets/Graphics/Monsters/Emplorfa/Emplorfa Animations/Emplorfa Animations.controller
Assets/Graphics/Monsters/Batacooni/BatacooniAnimations/BatacooniAnimations_Walk.anim
Assets/Graphics/Monsters/Batacooni/BatacooniAnimations/BatacooniAnimations_Idle.anim
Assets/Graphics/Monsters/Batacooni/BatacooniAnimations/BatacooniAnimations_Death.anim
Assets/Graphics/Monsters/Batacooni/BatacooniAnimations/BatacooniAnimations_Attack.anim
Assets/Graphics/Monsters/Batacooni/BatacooniAnimations/BatacooniAnimations.png.meta
Assets/Graphics/Monsters/Batacooni/BatacooniAnimations/BatacooniAnimations.controller
Assets/Graphics/Monsters/Aquanaut/Aquanaut/Aquanaut_Walk.anim
Assets/Graphics/Monsters/Aquanaut/Aquanaut/Aquanaut_Idle.anim
Assets/Graphics/Monsters/Aquanaut/Aquanaut/Aquanaut_Death.anim
Assets/Graphics/Monsters/Aquanaut/Aquanaut/Aquanaut_Attack.anim
Assets/Graphics/Monsters/Aquanaut/Aquanaut/Aquanaut.png.meta
Assets/Graphics/Monsters/Aquanaut/Aquanaut/Aquanaut.controller
Assets/Graphics/Icons/Emotes/emote_surprised/emote_surprised.png.meta
Assets/Graphics/Icons/Emotes/emote_love/emote_love.png.meta
Assets/Graphics/Icons/Emotes/emote_happy/emote_happy.png.meta
Assets/Graphics/Icons/Emotes/emote_dots/emote_dots.png.meta
Assets/Graphics/Icons/Emotes/emote_base/emote_base.png.meta
Assets/Graphics/Icons/Emotes/emote_angry/emote_angry.png.meta
Assets/Graphics/Characters/Yellow Minion/YellowMinion/YellowMinion_Walk.anim
Assets/Graphics/Characters/Yellow Minion/YellowMinion/YellowMinion_Idle.anim
Assets/Graphics/Characters/Yellow Minion/YellowMinion/YellowMinion_Death.anim
Assets/Graphics/Characters/Yellow Minion/YellowMinion/YellowMinion_Attack.anim
Assets/Graphics/Characters/Yellow Minion/YellowMinion/YellowMinion.png.meta
Assets/Graphics/Characters/Yellow Minion/YellowMinion/YellowMinion.controller
Assets/Graphics/Characters/Psychomutalist/Psychomutalist/Psychomutalist_Walk.anim
Assets/Graphics/Characters/Psychomutalist/Psychomutalist/Psychomutalist_Idle.anim
Assets/Graphics/Characters/Psychomutalist/Psychomutalist/Psychomutalist_Defeat.anim
Assets/Graphics/Characters/Psychomutalist/Psychomutalist/Psychomutalist_Attack.anim
Assets/Graphics/Characters/Psychomutalist/Psychomutalist/Psychomutalist.png.meta
Assets/Graphics/Characters/Psychomutalist/Psychomutalist/Psychomutalist.controller
Assets/Graphics/Characters/Monster Whisperer MC/Monster Whisperer MC/Monster Whisperer MC_walk.anim
Assets/Graphics/Characters/Monster Whisperer MC/Monster Whisperer MC/Monster Whisperer MC_Stand.anim
Assets/Graphics/Characters/Monster Whisperer MC/Monster Whisperer MC/Monster Whisperer MC_Idle.anim
Assets/Graphics/Characters/Monster Whisperer MC/Monster Whisperer MC/Monster Whisperer MC_Emote.anim
Assets/Graphics/Characters/Monster Whisperer MC/Monster Whisperer MC/Monster Whisperer MC_DamDead.anim
Assets/Graphics/Characters/Monster Whisperer MC/Monster Whisperer MC/Monster Whisperer MC_Damage.anim
Assets/Graphics/Characters/Monster Whisperer MC/Monster Whisperer MC/Monster Whisperer MC_Action.anim
Assets/Graphics/Characters/Monster Whisperer MC/Monster Whisperer MC/Monster Whisperer MC.png.meta
Assets/Graphics/Characters/Monster Whisperer MC/Monster Whisperer MC/Monster Whisperer MC.controller
Assets/Graphics/Characters/Hunter/Hunter/Hunter_Walk.anim
Assets/Graphics/Characters/Hunter/Hunter/Hunter_Idle.anim
Assets/Graphics/Characters/Hunter/Hunter/Hunter_Gesture.anim
Assets/Graphics/Characters/Hunter/Hunter/Hunter.png.meta
Assets/Graphics/Characters/Hunter/Hunter/Hunter.controller
Assets/Graphics/Characters/Geologist/Geologist_Animations/Geologist_Animations_Walk.anim
Assets/Graphics/Characters/Geologist/Geologist_Animations/Geologist_Animations_Idle.anim
Assets/Graphics/Characters/Geologist/Geologist_Animations/Geologist_Animations_Gesture.anim
Assets/Graphics/Characters/Geologist/Geologist_Animations/Geologist_Animations.png.meta
Assets/Graphics/Characters/Geologist/Geologist_Animations/Geologist_Animations.controller
Assets/Graphics/Characters/Chemomutalist/Chemomutalist-1/Chemomutalist-1_Walk.anim
Assets/Graphics/Characters/Chemomutalist/Chemomutalist-1/Chemomutalist-1_Idle.anim
Assets/Graphics/Characters/Chemomutalist/Chemomutalist-1/Chemomutalist-1_Death.anim
Assets/Graphics/Characters/Chemomutalist/Chemomutalist-1/Chemomutalist-1_Attack.anim
Assets/Graphics/Characters/Chemomutalist/Chemomutalist-1/Chemomutalist-1.png.meta
Assets/Graphics/Characters/Chemomutalist/Chemomutalist-1/Chemomutalist-1.controller
Assets/Graphics/Characters/Blue Minion/BlueMinion/BlueMinion_Walk.anim
Assets/Graphics/Characters/Blue Minion/BlueMinion/BlueMinion_Idle.anim
Assets/Graphics/Characters/Blue Minion/BlueMinion/BlueMinion_Death.anim
Assets/Graphics/Characters/Blue Minion/BlueMinion/BlueMinion_Attack.anim
Assets/Graphics/Characters/Blue Minion/BlueMinion/BlueMinion.png.meta
Assets/Graphics/Characters/Blue Minion/BlueMinion/BlueMinion.controller
Assets/Graphics/Characters/Blue Minion/BlueMinion/BlueMinion.controller
Assets/Graphics/Characters/Blue Minion/BlueMinion/BlueMinion.png.meta
Assets/Graphics/Characters/Blue Minion/BlueMinion/BlueMinion_Attack.anim
Assets/Graphics/Characters/Blue Minion/BlueMinion/BlueMinion_Death.anim
Assets/Graphics/Characters/Blue Minion/BlueMinion/BlueMinion_Idle.anim
Assets/Graphics/Characters/Blue Minion/BlueMinion/BlueMinion_Walk.anim
Assets/Graphics/Characters/Chemomutalist/Chemomutalist-1/Chemomutalist-1.controller
Assets/Graphics/Characters/Chemomutalist/Chemomutalist-1/Chemomutalist-1.png.meta
Assets/Graphics/Characters/Chemomutalist/Chemomutalist-1/Chemomutalist-1_Attack.anim
Assets/Graphics/Characters/Chemomutalist/Chemomutalist-1/Chemomutalist-1_Death.anim
Assets/Graphics/Characters/Chemomutalist/Chemomutalist-1/Chemomutalist-1_Idle.anim
Assets/Graphics/Characters/Chemomutalist/Chemomutalist-1/Chemomutalist-1_Walk.anim
Assets/Graphics/Characters/Geologist/Geologist_Animations/Geologist_Animations.controller
Assets/Graphics/Characters/Geologist/Geologist_Animations/Geologist_Animations.png.meta
Assets/Graphics/Characters/Geologist/Geologist_Animations/Geologist_Animations_Gesture.anim
Assets/Graphics/Characters/Geologist/Geologist_Animations/Geologist_Animations_Idle.anim
Assets/Graphics/Characters/Geologist/Geologist_Animations/Geologist_Animations_Walk.anim
Assets/Graphics/Characters/Hunter/Hunter/Hunter.controller
Assets/Graphics/Characters/Hunter/Hunter/Hunter.png.meta
Assets/Graphics/Characters/Hunter/Hunter/Hunter_Gesture.anim
Assets/Graphics/Characters/Hunter/Hunter/Hunter_Idle.anim
Assets/Graphics/Characters/Hunter/Hunter/Hunter_Walk.anim
Assets/Graphics/Characters/Monster Whisperer MC/Monster Whisperer MC/Monster Whisperer MC.controller
Assets/Graphics/Characters/Monster Whisperer MC/Monster Whisperer MC/Monster Whisperer MC.png.meta
Assets/Graphics/Characters/Monster Whisperer MC/Monster Whisperer MC/Monster Whisperer MC_Action.anim
Assets/Graphics/Characters/Monster Whisperer MC/Monster Whisperer MC/Monster Whisperer MC_Damage.anim
Assets/Graphics/Characters/Monster Whisperer MC/Monster Whisperer MC/Monster Whisperer MC_DamDead.anim
Assets/Graphics/Characters/Monster Whisperer MC/Monster Whisperer MC/Monster Whisperer MC_Emote.anim
Assets/Graphics/Characters/Monster Whisperer MC/Monster Whisperer MC/Monster Whisperer MC_Idle.anim
Assets/Graphics/Characters/Monster Whisperer MC/Monster Whisperer MC/Monster Whisperer MC_Stand.anim
Assets/Graphics/Characters/Monster Whisperer MC/Monster Whisperer MC/Monster Whisperer MC_walk.anim
Assets/Graphics/Characters/Psychomutalist/Psychomutalist/Psychomutalist.controller
Assets/Graphics/Characters/Psychomutalist/Psychomutalist/Psychomutalist.png.meta
Assets/Graphics/Characters/Psychomutalist/Psychomutalist/Psychomutalist_Attack.anim
Assets/Graphics/Characters/Psychomutalist/Psychomutalist/Psychomutalist_Defeat.anim
Assets/Graphics/Characters/Psychomutalist/Psychomutalist/Psychomutalist_Idle.anim
Assets/Graphics/Characters/Psychomutalist/Psychomutalist/Psychomutalist_Walk.anim
Assets/Graphics/Characters/Yellow Minion/YellowMinion/YellowMinion.controller
Assets/Graphics/Characters/Yellow Minion/YellowMinion/YellowMinion.png.meta
Assets/Graphics/Characters/Yellow Minion/YellowMinion/YellowMinion_Attack.anim
Assets/Graphics/Characters/Yellow Minion/YellowMinion/YellowMinion_Death.anim
Assets/Graphics/Characters/Yellow Minion/YellowMinion/YellowMinion_Idle.anim
Assets/Graphics/Characters/Yellow Minion/YellowMinion/YellowMinion_Walk.anim
Assets/Graphics/Icons/Emotes/emote_angry/emote_angry.png.meta
Assets/Graphics/Icons/Emotes/emote_base/emote_base.png.meta
Assets/Graphics/Icons/Emotes/emote_dots/emote_dots.png.meta
Assets/Graphics/Icons/Emotes/emote_happy/emote_happy.png.meta
Assets/Graphics/Icons/Emotes/emote_love/emote_love.png.meta
Assets/Graphics/Icons/Emotes/emote_surprised/emote_surprised.png.meta
Assets/Graphics/Monsters/Aquanaut/Aquanaut/Aquanaut.controller
Assets/Graphics/Monsters/Aquanaut/Aquanaut/Aquanaut.png.meta
Assets/Graphics/Monsters/Aquanaut/Aquanaut/Aquanaut_Attack.anim
Assets/Graphics/Monsters/Aquanaut/Aquanaut/Aquanaut_Death.anim
Assets/Graphics/Monsters/Aquanaut/Aquanaut/Aquanaut_Idle.anim
Assets/Graphics/Monsters/Aquanaut/Aquanaut/Aquanaut_Walk.anim
Assets/Graphics/Monsters/Batacooni/BatacooniAnimations/BatacooniAnimations.controller
Assets/Graphics/Monsters/Batacooni/BatacooniAnimations/BatacooniAnimations.png.meta
Assets/Graphics/Monsters/Batacooni/BatacooniAnimations/BatacooniAnimations_Attack.anim
Assets/Graphics/Monsters/Batacooni/BatacooniAnimations/BatacooniAnimations_Death.anim
Assets/Graphics/Monsters/Batacooni/BatacooniAnimations/BatacooniAnimations_Idle.anim
Assets/Graphics/Monsters/Batacooni/BatacooniAnimations/BatacooniAnimations_Walk.anim
Assets/Graphics/Monsters/Emplorfa/Emplorfa Animations/Emplorfa Animations.controller
Assets/Graphics/Monsters/Emplorfa/Emplorfa Animations/Emplorfa Animations.png.meta
Assets/Graphics/Monsters/Emplorfa/Emplorfa Animations/Emplorfa Animations_Attack.anim
Assets/Graphics/Monsters/Emplorfa/Emplorfa Animations/Emplorfa Animations_Death.anim
Assets/Graphics/Monsters/Emplorfa/Emplorfa Animations/Emplorfa Animations_Idle.anim
Assets/Graphics/Monsters/Emplorfa/Emplorfa Animations/Emplorfa Animations_Transition.anim
Assets/Graphics/Monsters/Emplorfa/Emplorfa Animations/Emplorfa Animations_Walk.anim
Assets/Graphics/Monsters/Piranka/PirankaAnimations/PirankaAnimations.controller
Assets/Graphics/Monsters/Piranka/PirankaAnimations/PirankaAnimations.png.meta
Assets/Graphics/Monsters/Piranka/PirankaAnimations/PirankaAnimations_Attack.anim
Assets/Graphics/Monsters/Piranka/PirankaAnimations/PirankaAnimations_Death.anim
Assets/Graphics/Monsters/Piranka/PirankaAnimations/PirankaAnimations_Idle.anim
Assets/Graphics/Monsters/Piranka/PirankaAnimations/PirankaAnimations_Walk.anim
Assets/Graphics/Monsters/Shrem/ShremAnimations/ShremAnimations.controller
Assets/Graphics/Monsters/Shrem/ShremAnimations/ShremAnimations.png.meta
Assets/Graphics/Monsters/Shrem/ShremAnimations/ShremAnimations_Attack.anim
Assets/Graphics/Monsters/Shrem/ShremAnimations/ShremAnimations_idle.anim
Assets/Graphics/Monsters/Shrem/ShremAnimations/ShremAnimations_Move.anim
Assets/Graphics/Monsters/Wild Artichokie/Original_Artichokie_1/Original_Artichokie_1.controller
Assets/Graphics/Monsters/Wild Artichokie/Original_Artichokie_1/Original_Artichokie_1.png.meta
Assets/Graphics/Monsters/Wild Artichokie/Original_Artichokie_1/Original_Artichokie_1_Attack.anim
Assets/Graphics/Monsters/Wild Artichokie/Original_Artichokie_1/Original_Artichokie_1_Death.anim
Assets/Graphics/Monsters/Wild Artichokie/Original_Artichokie_1/Original_Artichokie_1_idle.anim
Assets/Graphics/Monsters/Wild Artichokie/Original_Artichokie_1/Original_Artichokie_1_walk.anim
ProjectSettings/PackageManagerSettings.asset
Assets/Graphics/Characters/Gatherer/Gatherer/Gatherer.png.meta
*.meta
